 ,Match Link
2019_WC_final_Eng_vs_NZ,https://www.facebook.com/icc/videos/913520689133194
Wellington_Firebirds_v_Auckland_Aces_Ford,https://www.youtube.com/watch?v=YioFqo6dVuU
canterbury_v_otago_volts,https://www.youtube.com/watch?v=nE58RAfQWxo&
auckland_v_northern_districts,https://www.youtube.com/watch?v=8vmxm_ObntA&
auckland_aces_v_northern_districts,https://www.youtube.com/watch?v=85SU_KGmRbE
Wellington_Firebirds_v_Auckland_Aces,https://www.youtube.com/watch?v=taG2_VljAK8
otago_volts_v_canterbury,https://www.youtube.com/watch?v=kjqbaOxVJ-A
wellington_firebirds_v_otago_volts,https://www.youtube.com/watch?v=u77UHXid7A0
wellington_firebirds_v_otago_volts_2021,https://www.youtube.com/watch?v=APC9cl7J1y8
wellington_firebirds_v_otago_volts_2021_feb26,https://www.youtube.com/watch?v=Z0NTaAU67A4
canterbury_v_auckland_aces,https://www.youtube.com/watch?v=Ue8XUtJl3DI
otago_volts_v_canterbury_2021_feb21,https://www.youtube.com/watch?v=yhTTNT9YQkE
wellington_firebirds_v_northern_districts,https://www.youtube.com/watch?v=4_JOr_MY_T0
auckland_aces_v_central_stags,https://www.youtube.com/watch?v=s-L9wHG1mMw
wellington_firebirds_v_northern_districts_2021_feb19,https://www.youtube.com/watch?v=ph_9TJrRe24
otago_volts_v_canterbury_2021_feb19,https://www.youtube.com/watch?v=2aVdMxsiuEw&
new_zealand_v_pakistan_shaheens,https://www.youtube.com/watch?v=dhV8x98Utb0
new_zealand_v_pakistan_jan3,https://www.youtube.com/watch?v=_m5tnZu6_Vk
canterbury_kings_v_pakistan,https://www.youtube.com/watch?v=3223p1pChvg
otago_volts_v_northern_districts,https://www.youtube.com/watch?v=0S_2YIKsFIA
auckland_aces_v_wellington,https://www.youtube.com/watch?v=ditzzkpj94E
canterbury_v_northern_districts,https://www.youtube.com/watch?v=etSKFVsRETc
auckland_aces_v_otago_volts,https://www.youtube.com/watch?v=xGuGDCp8hL8
canterbury_v_northern_districts_dec6,https://www.youtube.com/watch?v=x0AgKGvIhgU
auckland_aces_v_otago_volts_dec6,https://www.youtube.com/watch?v=XIdvUn4VhhU
canterbury_v_wellington_firebirds,https://www.youtube.com/watch?v=rCpUrPVavI8
central_stags_v_auckland_aces_ford,https://www.youtube.com/watch?v=3sKQN2G3QQQ
wellington_firebirds_v_canterbury_ford,https://www.youtube.com/watch?v=W81RrZjCwUw
otago_volts_v_central_stags_ford,https://www.youtube.com/watch?v=_tkrcrQrQSg
auckland_aces_v_northern_districts_plunket_day1,https://www.youtube.com/watch?v=7h8ozOJlJKk&
auckland_aces_v_northern_districts_plunket_day2,https://www.youtube.com/watch?v=zcUWMPyWbkU
auckland_aces_v_northern_districts_plunket_day3,https://www.youtube.com/watch?v=UJQopn6Diyg
auckland_aces_v_northern_districts_plunket_day4,https://www.youtube.com/watch?v=oQopW0CvnYs
wellington_vs_otago_6_ford,https://www.youtube.com/watch?v=bq25Inu9Eik
otago_v_northern_districts_plunket_day1,https://www.youtube.com/watch?v=vIsqmZ1itzM
otago_v_northern_districts_plunket_day2,https://www.youtube.com/watch?v=10KTq06GnAc
otago_v_northern_districts_plunket_day3,https://www.youtube.com/watch?v=xc2pC9EhIBY
otago_v_northern_districts_plunket_day4,https://www.youtube.com/watch?v=_QERqzRh7Vg
wellington_firebirds_v_central_stags_plunket_day1,https://www.youtube.com/watch?v=Ug8BFEMbcoM
wellington_firebirds_v_central_stags_plunket_day2,https://www.youtube.com/watch?v=lqNxiG-Lcaw
wellington_firebirds_v_central_stags_plunket_day3,https://www.youtube.com/watch?v=BHmqMyYoQJc
wellington_firebirds_v_central_stags_plunket_day4,https://www.youtube.com/watch?v=dUOHb4Cvw1c
central_stags_v_otago_plunket_day1,https://www.youtube.com/watch?v=XywJHTosJuI
central_stags_v_otago_plunket_day2,https://www.youtube.com/watch?v=4Va11eb-tiI
central_stags_v_otago_plunket_day3,https://www.youtube.com/watch?v=X3IgpUQM_7o
central_stags_v_otago_plunket_day4,https://www.youtube.com/watch?v=gpWWzc0Hh9M
wellington_firebirds_v_canterbury_plunket_r3_day1,https://www.youtube.com/watch?v=M_oTBDtFsAE
wellington_firebirds_v_canterbury_plunket_r3_day2,https://www.youtube.com/watch?v=S_zM0T0CP00
wellington_firebirds_v_canterbury_plunket_r3_day3,https://www.youtube.com/watch?v=R5Bwzm1p1SQ
wellington_firebirds_v_canterbury_plunket_r2_day1,https://www.youtube.com/watch?v=_6nHT6BoNpc
wellington_firebirds_v_canterbury_plunket_r2_day2,https://www.youtube.com/watch?v=rZVuVuCmimM
wellington_firebirds_v_canterbury_plunket_r2_day3,https://www.youtube.com/watch?v=o37DSE1KPfc
wellington_firebirds_v_canterbury_plunket_r2_day4,https://www.youtube.com/watch?v=V5Ob5_zzVGI
wellington_firebirds_v_otago_plunket_r1_day1,https://www.youtube.com/watch?v=3AXjq77v-fI
wellington_firebirds_v_otago_plunket_r1_day2,https://www.youtube.com/watch?v=lamA38Le6wQ
wellington_firebirds_v_otago_plunket_r1_day3,https://www.youtube.com/watch?v=duTJMtf4LV8
wellington_firebirds_v_otago_plunket_r1_day4,https://www.youtube.com/watch?v=Mf9zGCTgCbg
canterbury_v_central_stags_plunket_r1_day1,https://www.youtube.com/watch?v=6YBf_4hmCmU
canterbury_v_central_stags_plunket_r1_day2,https://www.youtube.com/watch?v=EorbtVmSQbY
canterbury_v_central_stags_plunket_r1_day3,https://www.youtube.com/watch?v=wIi-iIwToaU
canterbury_v_central_stags_plunket_r1_day4,https://www.youtube.com/watch?v=JVnI7vCMTiE
auckland_v_wellington_plunket_r8_day1,https://www.youtube.com/watch?v=gkREwJpeUuU
auckland_v_wellington_plunket_r8_day2,https://www.youtube.com/watch?v=X62PQu7p9J4
auckland_v_wellington_plunket_r8_day3,https://www.youtube.com/watch?v=NZUuVlFtx1Y
auckland_v_wellington_plunket_r8_day4,https://www.youtube.com/watch?v=47TM2rALtA8
central_stags_v_canterbury_plunket_r8_day1,https://www.youtube.com/watch?v=ozXV9cSqrbs
central_stags_v_canterbury_plunket_r8_day2,https://www.youtube.com/watch?v=WM88qApKajg
central_stags_v_canterbury_plunket_r8_day3,https://www.youtube.com/watch?v=z-mzGUriuKs
central_stags_v_canterbury_plunket_r8_day4,https://www.youtube.com/watch?v=kCC1bfu7qco
otago_v_northern_plunket_r8_day1,https://www.youtube.com/watch?v=vqeD0juaI3I
otago_v_northern_plunket_r8_day2,https://www.youtube.com/watch?v=lm9lQqrh-ek
otago_v_northern_plunket_r8_day3,https://www.youtube.com/watch?v=BXl44zAK0Q0
otago_v_northern_plunket_r8_day4,https://www.youtube.com/watch?v=qsknYJwK3JE
otago_v_central_stags_plunket_r7_day1,https://www.youtube.com/watch?v=zNLvP-5y4BU
otago_v_central_stags_plunket_r7_day2,https://www.youtube.com/watch?v=RtuPzX_Z71M
otago_v_central_stags_plunket_r7_day3,https://www.youtube.com/watch?v=VHH_TOid4No
otago_v_central_stags_plunket_r7_day4,https://www.youtube.com/watch?v=4cahyqhkBx8
auckland_v_canterbury_plunket_r7_day1,https://www.youtube.com/watch?v=S4ZfaB0Xjf0
auckland_v_canterbury_plunket_r7_day2,https://www.youtube.com/watch?v=ER-3wSpSJW0
auckland_v_canterbury_plunket_r7_day3,https://www.youtube.com/watch?v=ehUwZjcgyN4
auckland_v_canterbury_plunket_r7_day4,https://www.youtube.com/watch?v=-fNKDVF3tM8
wellington_v_northern_plunket_r7_day1,https://www.youtube.com/watch?v=rX6h3OMaTqw
wellington_v_northern_plunket_r7_day2,https://www.youtube.com/watch?v=L9c54H5lSCQ
otago_v_auckland_plunket_r6_day3,https://www.youtube.com/watch?v=ONk76Zk75sM
northern_v_wellington_plunket_r6_day2,https://www.youtube.com/watch?v=MKd2XldHoYg
northern_v_wellington_plunket_r6_day3,https://www.youtube.com/watch?v=mtnt-yDswlo
northern_v_wellington_plunket_r6_day4,https://www.youtube.com/watch?v=zutsFjIrVRc
northern_v_wellington_plunket_new_day1,https://www.youtube.com/watch?v=ggvkLL06K68
northern_v_wellington_plunket_new_day2,https://www.youtube.com/watch?v=zBfeGeqhPBA
northern_v_wellington_plunket_new_day3,https://www.youtube.com/watch?v=4ctRJ2YbAqQ
northern_v_wellington_plunket_new_day4,https://www.youtube.com/watch?v=wJqGFd3_x3M
auckland_v_canterbury_plunket_new_day1,https://www.youtube.com/watch?v=-Timo_TUOYk
auckland_v_canterbury_plunket_new_day2,https://www.youtube.com/watch?v=XXIRvddJLg8
auckland_v_canterbury_plunket_new_day3,https://www.youtube.com/watch?v=64aRfoZ_Blw
auckland_v_canterbury_plunket_new_day4,https://www.youtube.com/watch?v=OPfmoRpd3dc
otago_v_auckland_plunket_new_day1,https://www.youtube.com/watch?v=sh53IhWIZCc
otago_v_auckland_plunket_new_day2,https://www.youtube.com/watch?v=XpyCSZgG9YM
otago_v_auckland_plunket_new_day3,https://www.youtube.com/watch?v=HameJtAPEm8
otago_v_auckland_plunket_new_day4,https://www.youtube.com/watch?v=3tI7XoZbje8
central_v_northern_plunket_new_day1,https://www.youtube.com/watch?v=tJSM4TV8FVo
central_v_northern_plunket_new_day2,https://www.youtube.com/watch?v=_mm3lQqb3Y0
central_v_northern_plunket_new_day3,https://www.youtube.com/watch?v=1R5U8n2ME50
central_v_northern_plunket_new_day4,https://www.youtube.com/watch?v=8Wg1gaBolwU
central_v_canterbury_plunket_new_day1,https://www.youtube.com/watch?v=bhP6EXx9Zik
central_v_canterbury_plunket_new_day2,https://www.youtube.com/watch?v=ZeFsvhlwS3M
central_v_canterbury_plunket_new_day3,https://www.youtube.com/watch?v=zpnDOYLQ534
central_v_canterbury_plunket_new_day4,https://www.youtube.com/watch?v=g6U9E9bSaOc
otago_v_wellington_plunket_new_day1,https://www.youtube.com/watch?v=g0ajaFiNZTI
otago_v_wellington_plunket_new_day2,https://www.youtube.com/watch?v=QCb6kzkfpts
otago_v_wellington_plunket_new_day4,https://www.youtube.com/watch?v=qKB0hVNvWEU
auckland_v_wellington_plunket_new_day1,https://www.youtube.com/watch?v=wn5CyIoRNTY
auckland_v_wellington_plunket_new_day2,https://www.youtube.com/watch?v=csKW_9gf6WU
auckland_v_wellington_plunket_new_day3,https://www.youtube.com/watch?v=xGMH0Pu_gOw
canterbury_v_otago_plunket_new_day1,https://www.youtube.com/watch?v=rjrjOd6gwRA
canterbury_v_otago_plunket_new_day2,https://www.youtube.com/watch?v=PL98G6eTCkI
canterbury_v_otago_plunket_new_day3,https://www.youtube.com/watch?v=I3pQtZenmZg
canterbury_v_otago_plunket_new_day4,https://www.youtube.com/watch?v=0Gqn4XcvTbo
northern_v_central_plunket_new_day1,https://www.youtube.com/watch?v=0mLG7fnzEbI
northern_v_central_plunket_new_day2,https://www.youtube.com/watch?v=ybtQJkB6NUI
northern_v_central_plunket_new_day3,https://www.youtube.com/watch?v=XnQw8s9f100
central_v_auckland_plunket_new_day1,https://www.youtube.com/watch?v=J1puZVxEuUA
central_v_auckland_plunket_new_day2,https://www.youtube.com/watch?v=WLCsN2250KA
central_v_auckland_plunket_new_day3,https://www.youtube.com/watch?v=92Bjkus4fVU
central_v_auckland_plunket_new_day4,https://www.youtube.com/watch?v=0eMQK8mF8R4
northern_v_wellington_plunket2_new_day1,https://www.youtube.com/watch?v=blGBaMtosFs
northern_v_wellington_plunket2_new_day2,https://www.youtube.com/watch?v=nxX-p_N2Izk
northern_v_wellington_plunket2_new_day3,https://www.youtube.com/watch?v=TGUB593__1I
canterbury_v_auckland_plunket_new_day1,https://www.youtube.com/watch?v=AOSkpTuwauY
canterbury_v_auckland_plunket_new_day2,https://www.youtube.com/watch?v=uuuTX32t_Uw
canterbury_v_auckland_plunket_new_day3,https://www.youtube.com/watch?v=sOfsVvjJTIg
canterbury_v_auckland_plunket_new_day4,https://www.youtube.com/watch?v=Xw4DGo3LNOU